{
    "chakib": {
        "total_score": 233.33333333333331,
        "quizzes_taken": 3
    },
    "chakib12": {
        "total_score": 66.66666666666666,
        "quizzes_taken": 1
    }
}