{
    "chakib": {
        "total_score": 299.99999999999994,
        "quizzes_taken": 5
    },
    "chakib12": {
        "total_score": 66.66666666666666,
        "quizzes_taken": 1
    }
}